frame,type,left,reference,left_label,reference_label,iou
adasind_123090.jpg,mismatching_label,3,2,Car,Truck,0.910
adasind_123090.jpg,extra_annotation,2,,Car,,N/A
adasind_128310.jpg,mismatching_attributes,2,2,Pedestrian,Pedestrian,0.849
adasind_128310.jpg,mismatching_label,3,3,Bus,Truck,0.788
adasind_128310.jpg,missing_annotation,,5,,Truck,N/A
adasind_199770.jpg,mismatching_attributes,3,2,ThreeWheeler,ThreeWheeler,0.659
adasind_199770.jpg,extra_annotation,1,,Car,,N/A
adasind_199770.jpg,extra_annotation,4,,Bike,,N/A
adasind_199770.jpg,extra_annotation,5,,Bike,,N/A
adasind_199770.jpg,extra_annotation,8,,Pedestrian,,N/A
adasind_199770.jpg,extra_annotation,9,,Pedestrian,,N/A
adasind_199770.jpg,missing_annotation,,3,,Pedestrian,N/A
adasind_199770.jpg,missing_annotation,,4,,ThreeWheeler,N/A
adasind_199770.jpg,missing_annotation,,5,,Bike,N/A
adasind_199770.jpg,missing_annotation,,6,,Bike,N/A
adasind_199770.jpg,missing_annotation,,9,,Bike,N/A
