round,slice,frame,object_ref,cell,what,why,severity,owner,rule_id,evidence,action,rules_version,note
calib,C0,adasind_019560.jpg,L11,na,IGNORE_SCOPE,LENS_BORDER,high,human,R_DIAG_01,Annotation fell inside lens border ignore region,rework,v1.0,Auto-triaged based on round/cell discrepancy analysis
calib,C0,adasind_019560.jpg,L3,na,SPURIOUS,EDGE_DISTORTION,low,human,R_DIAG_01,Spurious human label caused by edge distortion at lens boundary,rework,v1.0,Auto-triaged based on round/cell discrepancy analysis
calib,C0,adasind_019560.jpg,L5,na,SPURIOUS,EDGE_DISTORTION,low,human,R_DIAG_01,Spurious human label caused by edge distortion at lens boundary,rework,v1.0,Auto-triaged based on round/cell discrepancy analysis
calib,C0,adasind_019560.jpg,L6,na,SPURIOUS,EDGE_DISTORTION,low,human,R_DIAG_01,Spurious human label caused by edge distortion at lens boundary,rework,v1.0,Auto-triaged based on round/cell discrepancy analysis
calib,C0,adasind_019560.jpg,L9+R3,na,WRONG_CLASS,LABEL_AMBIGUITY,medium,human,R_DIAG_01,Class misclassification due to angle/perspective distortion,rework,v1.0,Auto-triaged based on round/cell discrepancy analysis
calib,C0,adasind_019560.jpg,L10,na,SPURIOUS,EDGE_DISTORTION,low,human,R_DIAG_01,Spurious human label caused by edge distortion at lens boundary,rework,v1.0,Auto-triaged based on round/cell discrepancy analysis
r1_craft,B3-edge,adasind_123090.jpg,L2,na,SPURIOUS,EDGE_DISTORTION,low,human,R_DIAG_01,Spurious human label caused by edge distortion at lens boundary,rework,v1.0,Auto-triaged based on round/cell discrepancy analysis
r1_craft,B3-edge,adasind_123090.jpg,L3+R2,na,WRONG_CLASS,LABEL_AMBIGUITY,medium,human,R_DIAG_01,Class misclassification due to angle/perspective distortion,rework,v1.0,Auto-triaged based on round/cell discrepancy analysis
r1_craft,B3-edge,adasind_128310.jpg,L3+R3,na,WRONG_CLASS,LABEL_AMBIGUITY,medium,human,R_DIAG_01,Class misclassification due to angle/perspective distortion,rework,v1.0,Auto-triaged based on round/cell discrepancy analysis
r1_craft,B3-edge,adasind_128310.jpg,R5,na,MISSING,MODEL_FN,medium,human,R_DIAG_01,Model failed to detect target in low contrast/occluded area,accept,v1.0,Auto-triaged based on round/cell discrepancy analysis
r1_craft,B3-edge,adasind_199770.jpg,L10,na,IGNORE_SCOPE,LENS_BORDER,high,human,R_DIAG_01,Annotation fell inside lens border ignore region,rework,v1.0,Auto-triaged based on round/cell discrepancy analysis
r1_craft,B3-edge,adasind_199770.jpg,L11,na,IGNORE_SCOPE,LENS_BORDER,high,human,R_DIAG_01,Annotation fell inside lens border ignore region,rework,v1.0,Auto-triaged based on round/cell discrepancy analysis
r1_craft,B3-edge,adasind_199770.jpg,L3+R2,na,ATTRIBUTE,LABEL_AMBIGUITY,low,human,R_DIAG_01,Attribute tag missing or mismatched,rework,v1.0,Auto-triaged based on round/cell discrepancy analysis
r1_craft,B3-edge,adasind_199770.jpg,L1,na,SPURIOUS,EDGE_DISTORTION,low,human,R_DIAG_01,Spurious human label caused by edge distortion at lens boundary,rework,v1.0,Auto-triaged based on round/cell discrepancy analysis
r1_craft,B3-edge,adasind_199770.jpg,L4+R9,na,BOX_GEOMETRY,EDGE_DISTORTION,medium,human,R_DIAG_01,Bounding box fit inaccurate due to fisheye curvature,rework,v1.0,Auto-triaged based on round/cell discrepancy analysis
r1_craft,B3-edge,adasind_199770.jpg,L5+R5,na,BOX_GEOMETRY,EDGE_DISTORTION,medium,human,R_DIAG_01,Bounding box fit inaccurate due to fisheye curvature,rework,v1.0,Auto-triaged based on round/cell discrepancy analysis
r1_craft,B3-edge,adasind_199770.jpg,L8,na,SPURIOUS,EDGE_DISTORTION,low,human,R_DIAG_01,Spurious human label caused by edge distortion at lens boundary,rework,v1.0,Auto-triaged based on round/cell discrepancy analysis
r1_craft,B3-edge,adasind_199770.jpg,L9,na,SPURIOUS,EDGE_DISTORTION,low,human,R_DIAG_01,Spurious human label caused by edge distortion at lens boundary,rework,v1.0,Auto-triaged based on round/cell discrepancy analysis
r1_craft,B3-edge,adasind_199770.jpg,R3,na,MISSING,MODEL_FN,medium,human,R_DIAG_01,Model failed to detect target in low contrast/occluded area,accept,v1.0,Auto-triaged based on round/cell discrepancy analysis
r1_craft,B3-edge,adasind_199770.jpg,R4,na,MISSING,MODEL_FN,medium,human,R_DIAG_01,Model failed to detect target in low contrast/occluded area,accept,v1.0,Auto-triaged based on round/cell discrepancy analysis
r1_craft,B3-edge,adasind_199770.jpg,R6,na,MISSING,MODEL_FN,medium,human,R_DIAG_01,Model failed to detect target in low contrast/occluded area,accept,v1.0,Auto-triaged based on round/cell discrepancy analysis
r3_diag,B3-edge,adasind_123090.jpg,L2,L_only,SPURIOUS,EDGE_DISTORTION,low,human,R_DIAG_01,Spurious human label caused by edge distortion at lens boundary,rework,v1.0,Auto-triaged based on round/cell discrepancy analysis
r3_diag,B3-edge,adasind_123090.jpg,L3,L_only,SPURIOUS,EDGE_DISTORTION,low,human,R_DIAG_01,Spurious human label caused by edge distortion at lens boundary,rework,v1.0,Auto-triaged based on round/cell discrepancy analysis
r3_diag,B3-edge,adasind_123090.jpg,R2+M2,RM_noL,MISSING,FAR_SMALL_OBJECT,high,human,R_DIAG_01,Missing annotation for small/occluded distant object,rework,v1.0,Auto-triaged based on round/cell discrepancy analysis
r3_diag,B3-edge,adasind_123090.jpg,M3,M_only,SPURIOUS,MODEL_FP,medium,model,R_DIAG_01,Model false positive prediction in fisheye distorted zone,ignore,v1.0,Auto-triaged based on round/cell discrepancy analysis
r3_diag,B3-edge,adasind_123090.jpg,M6,M_only,SPURIOUS,MODEL_FP,medium,model,R_DIAG_01,Model false positive prediction in fisheye distorted zone,ignore,v1.0,Auto-triaged based on round/cell discrepancy analysis
r3_diag,B3-edge,adasind_128310.jpg,L3,L_only,SPURIOUS,EDGE_DISTORTION,low,human,R_DIAG_01,Spurious human label caused by edge distortion at lens boundary,rework,v1.0,Auto-triaged based on round/cell discrepancy analysis
r3_diag,B3-edge,adasind_128310.jpg,R3+M3,RM_noL,MISSING,FAR_SMALL_OBJECT,high,human,R_DIAG_01,Missing annotation for small/occluded distant object,rework,v1.0,Auto-triaged based on round/cell discrepancy analysis
r3_diag,B3-edge,adasind_128310.jpg,R5,R_only,MISSING,FAR_SMALL_OBJECT,high,reference,R_DIAG_01,Missing annotation for small/occluded distant object,rework,v1.0,Auto-triaged based on round/cell discrepancy analysis
r3_diag,B3-edge,adasind_128310.jpg,M4,M_only,SPURIOUS,MODEL_FP,medium,model,R_DIAG_01,Model false positive prediction in fisheye distorted zone,ignore,v1.0,Auto-triaged based on round/cell discrepancy analysis
r3_diag,B3-edge,adasind_199770.jpg,L6+R7,LR_noM,MISSING,MODEL_FN,medium,human,R_DIAG_01,Model failed to detect target in low contrast/occluded area,accept,v1.0,Auto-triaged based on round/cell discrepancy analysis
r3_diag,B3-edge,adasind_199770.jpg,L3+R2,LR_noM,MISSING,MODEL_FN,medium,human,R_DIAG_01,Model failed to detect target in low contrast/occluded area,accept,v1.0,Auto-triaged based on round/cell discrepancy analysis
r3_diag,B3-edge,adasind_199770.jpg,L2+R8,LR_noM,MISSING,MODEL_FN,medium,human,R_DIAG_01,Model failed to detect target in low contrast/occluded area,accept,v1.0,Auto-triaged based on round/cell discrepancy analysis
r3_diag,B3-edge,adasind_199770.jpg,L1,L_only,SPURIOUS,EDGE_DISTORTION,low,human,R_DIAG_01,Spurious human label caused by edge distortion at lens boundary,rework,v1.0,Auto-triaged based on round/cell discrepancy analysis
r3_diag,B3-edge,adasind_199770.jpg,L4+M3,LM_noR,SPURIOUS,EDGE_DISTORTION,low,human,R_DIAG_01,Spurious human label caused by edge distortion at lens boundary,rework,v1.0,Auto-triaged based on round/cell discrepancy analysis
r3_diag,B3-edge,adasind_199770.jpg,L5+M5,LM_noR,SPURIOUS,EDGE_DISTORTION,low,human,R_DIAG_01,Spurious human label caused by edge distortion at lens boundary,rework,v1.0,Auto-triaged based on round/cell discrepancy analysis
r3_diag,B3-edge,adasind_199770.jpg,L8,L_only,SPURIOUS,EDGE_DISTORTION,low,human,R_DIAG_01,Spurious human label caused by edge distortion at lens boundary,rework,v1.0,Auto-triaged based on round/cell discrepancy analysis
r3_diag,B3-edge,adasind_199770.jpg,L9+M9,LM_noR,SPURIOUS,EDGE_DISTORTION,low,human,R_DIAG_01,Spurious human label caused by edge distortion at lens boundary,rework,v1.0,Auto-triaged based on round/cell discrepancy analysis
r3_diag,B3-edge,adasind_199770.jpg,R3+M10,RM_noL,MISSING,FAR_SMALL_OBJECT,high,human,R_DIAG_01,Missing annotation for small/occluded distant object,rework,v1.0,Auto-triaged based on round/cell discrepancy analysis
r3_diag,B3-edge,adasind_199770.jpg,R4,R_only,MISSING,FAR_SMALL_OBJECT,high,reference,R_DIAG_01,Missing annotation for small/occluded distant object,rework,v1.0,Auto-triaged based on round/cell discrepancy analysis
r3_diag,B3-edge,adasind_199770.jpg,R5,R_only,MISSING,FAR_SMALL_OBJECT,high,reference,R_DIAG_01,Missing annotation for small/occluded distant object,rework,v1.0,Auto-triaged based on round/cell discrepancy analysis
r3_diag,B3-edge,adasind_199770.jpg,R6,R_only,MISSING,FAR_SMALL_OBJECT,high,reference,R_DIAG_01,Missing annotation for small/occluded distant object,rework,v1.0,Auto-triaged based on round/cell discrepancy analysis
r3_diag,B3-edge,adasind_199770.jpg,R9,R_only,MISSING,FAR_SMALL_OBJECT,high,reference,R_DIAG_01,Missing annotation for small/occluded distant object,rework,v1.0,Auto-triaged based on round/cell discrepancy analysis
r3_diag,B3-edge,adasind_199770.jpg,M4,M_only,SPURIOUS,MODEL_FP,medium,model,R_DIAG_01,Model false positive prediction in fisheye distorted zone,ignore,v1.0,Auto-triaged based on round/cell discrepancy analysis
r3_diag,B3-edge,adasind_199770.jpg,M6,M_only,SPURIOUS,MODEL_FP,medium,model,R_DIAG_01,Model false positive prediction in fisheye distorted zone,ignore,v1.0,Auto-triaged based on round/cell discrepancy analysis
r3_diag,B3-edge,adasind_199770.jpg,M8,M_only,SPURIOUS,MODEL_FP,medium,model,R_DIAG_01,Model false positive prediction in fisheye distorted zone,ignore,v1.0,Auto-triaged based on round/cell discrepancy analysis
r3_diag,B3-edge,adasind_199770.jpg,M11,M_only,SPURIOUS,MODEL_FP,medium,model,R_DIAG_01,Model false positive prediction in fisheye distorted zone,ignore,v1.0,Auto-triaged based on round/cell discrepancy analysis
r3_diag,B3-edge,adasind_199770.jpg,M12,M_only,SPURIOUS,MODEL_FP,medium,model,R_DIAG_01,Model false positive prediction in fisheye distorted zone,ignore,v1.0,Auto-triaged based on round/cell discrepancy analysis
r3_diag,B3-edge,adasind_199770.jpg,M13,M_only,SPURIOUS,MODEL_FP,medium,model,R_DIAG_01,Model false positive prediction in fisheye distorted zone,ignore,v1.0,Auto-triaged based on round/cell discrepancy analysis
